geo_code,geo_label,geo_labelw,label,name,x,y
W06000016,Rhondda Cynon Taf,Rhondda Cynon Taf,W92000004W06000016,Rhondda Cynon Taf,300778.898623241,195591.659779296
S12000013,Eilean Siar,,S92000003S12000013,Eilean Siar,111366.808450321,901330.575321249
W06000013,Bridgend,Pen-y-bont ar Ogwr,W92000004W06000013,Bridgend,289143.169493958,185318.274755534
E07000138,Lincoln,,E92000001E07000138,Lincoln,496571.853817439,370715.902013191
E07000166,Richmondshire,,E92000001E07000166,Richmondshire,404365.173653725,496225.967910388
E07000105,Ashford,,E92000001E07000105,Ashford,596821.442858501,139981.709949635
95JJ,Coleraine,,N9200000295JJ     ,Coleraine,101133.295671872,584876.691233236
W06000022,Newport,Casnewydd,W92000004W06000022,Newport,333419.289426687,186510.663008882
E08000034,Kirklees,,E92000001E08000034,Kirklees,415750.341754746,414562.297961696
E07000126,South Ribble,,E92000001E07000126,South Ribble,353236.591242376,425982.561505533
S12000006,Dumfries & Galloway,,S92000003S12000006,Dumfries & Galloway,274988.642957343,576940.296945755
E09000023,Lewisham,,E92000001E09000023,Lewisham,537666.019986324,174002.350848372
E06000018,Nottingham,,E92000001E06000018,Nottingham,455412.609118913,340674.339073241
E09000028,Southwark,,E92000001E09000028,Southwark,533855.433353937,176787.238268188
E07000133,Melton,,E92000001E07000133,Melton,477218.260527012,322703.652879635
E07000219,Nuneaton and Bedworth,,E92000001E07000219,Nuneaton and Bedworth,435676.435090101,289376.29167973
95DD,Ballymena,,N9200000295DD     ,Ballymena,127968.218594107,563454.123811543
E07000097,East Hertfordshire,,E92000001E07000097,East Hertfordshire,537238.944183079,220372.133980189
E06000039,Slough,,E92000001E06000039,Slough,498212.461648699,179777.431824293
E07000199,Tamworth,,E92000001E07000199,Tamworth,421903.978220839,303234.27673597
E07000173,Gedling,,E92000001E07000173,Gedling,459162.900586932,348260.415204686
E07000082,Stroud,,E92000001E07000082,Stroud,379369.395931353,203434.274985709
E06000034,Thurrock,,E92000001E06000034,Thurrock,564793.20192846,181231.01401701
W06000019,Blaenau Gwent,Blaenau Gwent,W92000004W06000019,Blaenau Gwent,317716.089338401,208237.85687513
E09000025,Newham,,E92000001E09000025,Newham,541443.933459316,182849.030704303
S12000046,Glasgow City,,S92000003S12000046,Glasgow City,259074.679073402,665040.861241606
E06000027,Torbay,,E92000001E06000027,Torbay,291435.921785557,61204.1001732138
E09000024,Merton,,E92000001E09000024,Merton,525475.119955001,169421.454851374
E07000030,Eden,,E92000001E07000030,Eden,359937.554173947,524358.243844939
E06000017,Rutland,,E92000001E06000017,Rutland,491087.85221178,307849.390195709
E07000209,Guildford,,E92000001E07000209,Guildford,500487.372546903,150829.994339558
E07000188,Sedgemoor,,E92000001E07000188,Sedgemoor,333508.317751611,143270.091958003
E06000035,Medway,,E92000001E06000035,Medway,578722.513997987,172765.214873558
E09000029,Sutton,,E92000001E09000029,Sutton,526975.827469017,164132.329004241
E07000148,Norwich,,E92000001E07000148,Norwich,622251.159358122,308846.243930664
S12000038,Renfrewshire,,S92000003S12000038,Renfrewshire,240901.216140219,664547.27637896
E06000006,Halton,,E92000001E06000006,Halton,352242.097396938,383224.561321534
E07000177,Cherwell,,E92000001E07000177,Cherwell,449873.840323312,229169.948552612
E07000081,Gloucester,,E92000001E07000081,Gloucester,383545.873746463,216779.516269067
E09000019,Islington,,E92000001E09000019,Islington,531128.976974335,184977.790405296
E07000119,Fylde,,E92000001E07000119,Fylde,339289.91427318,432352.575225315
95FF,Banbridge,,N9200000295FF     ,Banbridge,129341.822358171,500887.469876952
E07000226,Crawley,,E92000001E07000226,Crawley,527317.23122429,137814.332130744
E06000013,North Lincolnshire,,E92000001E06000013,North Lincolnshire,493236.697762415,411738.952634303
E07000108,Dover,,E92000001E07000108,Dover,629824.089366886,151046.506117944
E06000014,York,,E92000001E06000014,York,461681.008697264,451811.247386122
95HH,Carrickfergus,,N9200000295HH     ,Carrickfergus,154221.583933127,545242.21298778
E06000016,Leicester,,E92000001E06000016,Leicester,459074.587874826,304818.653257455
E07000062,Hastings,,E92000001E07000062,Hastings,580957.23436836,110906.978173506
E07000010,Fenland,,E92000001E07000010,Fenland,539785.295169159,298106.618128023
E08000020,Gateshead,,E92000001E08000020,Gateshead,420415.369434574,560123.461992919
E41000052,"Cornwall,Isles of Scilly",,E92000001E41000052,"Cornwall,Isles of Scilly",198501.20932839,59715.1998989602
W06000015,Cardiff,Caerdydd,W92000004W06000015,Cardiff,316848.315370861,179515.663805987
E07000026,Allerdale,,E92000001E07000026,Allerdale,319771.88108167,535861.934128396
E08000024,Sunderland,,E92000001E08000024,Sunderland,435260.560374251,554097.899262715
E07000050,North Dorset,,E92000001E07000050,North Dorset,382779.882880782,112584.861909608
E07000218,North Warwickshire,,E92000001E07000218,North Warwickshire,425319.31513069,294468.374610767
E07000099,North Hertfordshire,,E92000001E07000099,North Hertfordshire,524280.553564745,230498.80508279
E07000103,Watford,,E92000001E07000103,Watford,510514.290339517,197798.8683259
E08000017,Doncaster,,E92000001E08000017,Doncaster,460015.792559934,405676.851909422
S12000045,East Dunbartonshire,,S92000003S12000045,East Dunbartonshire,261146.442420515,675904.798181602
E07000120,Hyndburn,,E92000001E07000120,Hyndburn,374398.666838288,429213.288645388
E06000054,Wiltshire,,E92000001E06000054,Wiltshire,403958.586387645,155333.568056118
E07000234,Bromsgrove,,E92000001E07000234,Bromsgrove,399006.396738921,273744.019331767
E07000101,Stevenage,,E92000001E07000101,Stevenage,524661.812494478,224413.936945001
W06000006,Wrexham,Wrecsam,W92000004W06000006,Wrexham,331769.935926582,344143.231263027
E07000072,Epping Forest,,E92000001E07000072,Epping Forest,548554.955533335,203311.560334446
S12000040,West Lothian,,S92000003S12000040,West Lothian,301655.153134114,666880.053642132
E09000011,Greenwich,,E92000001E09000011,Greenwich,542856.254186946,177051.777171477
E07000048,Christchurch,,E92000001E07000048,Christchurch,415035.812105057,95787.6208205904
E07000220,Rugby,,E92000001E07000220,Rugby,445814.942956402,276471.093351573
E07000141,South Kesteven,,E92000001E07000141,South Kesteven,499899.653040337,329561.755465418
E07000216,Waverley,,E92000001E07000216,Waverley,495733.273948005,139840.602612673
W06000023,Powys,Powys,W92000004W06000023,Powys,304004.293218309,270453.002951934
S12000019,Midlothian,,S92000003S12000019,Midlothian,330543.439448984,660445.753624961
E08000022,North Tyneside,,E92000001E08000022,North Tyneside,430966.338722059,570503.931050181
E07000221,Stratford-on-Avon,,E92000001E07000221,Stratford-on-Avon,425886.640640179,253459.353621028
E06000030,Swindon,,E92000001E06000030,Swindon,417852.141674656,185881.416031645
E06000055,Bedford,,E92000001E06000055,Bedford,504204.72764882,255641.513903825
E08000018,Rotherham,,E92000001E08000018,Rotherham,447552.245905679,390436.784010098
S12000015,Fife,,S92000003S12000015,Fife,330372.933602305,704630.193215924
E06000001,Hartlepool,,E92000001E06000001,Hartlepool,448108.679089826,530697.650791005
E07000132,Hinckley and Bosworth,,E92000001E07000132,Hinckley and Bosworth,441325.891636305,302252.966661374
E07000121,Lancaster,,E92000001E07000121,Lancaster,353307.502617604,463914.990991859
E06000024,North Somerset,,E92000001E06000024,North Somerset,344360.092416922,165875.210892547
E07000190,Taunton Deane,,E92000001E07000190,Taunton Deane,318912.20882736,124098.248547699
E07000189,South Somerset,,E92000001E07000189,South Somerset,350269.794606767,121211.945157935
E07000075,Rochford,,E92000001E07000075,Rochford,594710.686798176,191802.994038117
E06000045,Southampton,,E92000001E06000045,Southampton,442363.3586812,113232.445463144
W06000010,Carmarthenshire,Sir Gaerfyrddin,W92000004W06000010,Carmarthenshire,251265.412241399,224570.470493373
E07000052,West Dorset,,E92000001E07000052,West Dorset,359321.724473364,98484.0747829486
E09000006,Bromley,,E92000001E09000006,Bromley,542895.892162766,165656.54502873
95XX,North Down,,N9200000295XX     ,North Down,160098.030076517,534089.305694608
E06000020,Telford and Wrekin,,E92000001E06000020,Telford and Wrekin,367088.903554902,314840.459487726
E07000196,South Staffordshire,,E92000001E07000196,South Staffordshire,388128.589131465,303085.416461883
E07000115,Tonbridge and Malling,,E92000001E07000115,Tonbridge and Malling,564564.565508317,155358.853718163
95MM,Derry,,N9200000295MM     ,Derry,66601.8368112206,573994.765001001
E07000033,Bolsover,,E92000001E07000033,Bolsover,448355.315808259,368973.261129695
E07000222,Warwick,,E92000001E07000222,Warwick,428413.296619708,268068.813366702
E07000035,Derbyshire Dales,,E92000001E07000035,Derbyshire Dales,420594.761085488,359041.342709536
S12000030,Stirling,,S92000003S12000030,Stirling,255068.803015347,708184.298284898
E07000198,Staffordshire Moorlands,,E92000001E07000198,Staffordshire Moorlands,401353.020043885,353565.62130193
E08000008,Tameside,,E92000001E08000008,Tameside,395930.32282851,397861.267697162
E07000041,Exeter,,E92000001E07000041,Exeter,293494.541812983,92422.2956195019
95QQ,Larne,,N9200000295QQ     ,Larne,149091.788073454,560440.136527958
E07000047,West Devon,,E92000001E07000047,West Devon,255457.015255768,86043.9609844783
W06000012,Neath Port Talbot,Castell-nedd Port Talbot,W92000004W06000012,Neath Port Talbot,279561.36700666,199320.957613444
E06000056,Central Bedfordshire,,E92000001E06000056,Central Bedfordshire,507430.327833833,235397.875184377
E07000197,Stafford,,E92000001E07000197,Stafford,388210.543126876,327864.756200276
S12000018,Inverclyde,,S92000003S12000018,Inverclyde,228642.03290462,671321.142687642
E08000030,Walsall,,E92000001E08000030,Walsall,402375.570131362,300163.978420456
E07000208,Epsom and Ewell,,E92000001E07000208,Epsom and Ewell,521197.540630783,161443.22846308
E06000047,County Durham,,E92000001E06000047,County Durham,410417.268431148,533392.242565223
95ZZ,Strabane,,N9200000295ZZ     ,Strabane,50991.3107907552,554367.617146878
W06000005,Flintshire,Sir y Fflint,W92000004W06000005,Flintshire,322432.946523559,369608.14028681
E06000051,Shropshire,,E92000001E06000051,Shropshire,350418.637362647,304381.087679633
W06000003,Conwy,Conwy,W92000004W06000003,Conwy,283944.333222871,361819.440457545
E07000201,Forest Heath,,E92000001E07000201,Forest Heath,572499.727580157,275982.071873486
E07000153,Kettering,,E92000001E07000153,Kettering,484044.565501538,281623.327309774
E07000125,Rossendale,,E92000001E07000125,Rossendale,382447.275527234,421963.713675283
E09000016,Havering,,E92000001E09000016,Havering,554005.144137554,187250.532379148
E09000017,Hillingdon,,E92000001E09000017,Hillingdon,507889.558355846,183653.114073921
E07000070,Chelmsford,,E92000001E07000070,Chelmsford,571445.608771126,205880.075611732
E06000048,Northumberland,,E92000001E06000048,Northumberland,395883.5340661,594140.482424466
E41000324,"City of London,Westminster",,E92000001E41000324,"City of London,Westminster",528336.827772752,181022.156177362
E07000168,Scarborough,,E92000001E07000168,Scarborough,488805.758728993,497623.042128129
E07000112,Shepway,,E92000001E07000112,Shepway,609920.683133031,132536.910914499
E07000174,Mansfield,,E92000001E07000174,Mansfield,455394.601444719,364053.182917717
E07000095,Broxbourne,,E92000001E07000095,Broxbourne,534962.819255642,204735.96694827
E07000203,Mid Suffolk,,E92000001E07000203,Mid Suffolk,611204.122042009,265465.551430956
E07000142,West Lindsey,,E92000001E07000142,West Lindsey,501368.556830137,389515.243009476
W06000011,Swansea,Abertawe,W92000004W06000011,Swansea,257460.259503962,195654.476836297
E06000038,Reading,,E92000001E06000038,Reading,470705.910654716,173155.74382106
E06000008,Blackburn with Darwen,,E92000001E06000008,Blackburn with Darwen,369223.740660366,421898.445633546
S12000023,Orkney Islands,,S92000003S12000023,Orkney Islands,340628.721687157,1016250.93878345
S12000034,Aberdeenshire,,S92000003S12000034,Aberdeenshire,361954.527757367,816887.745062356
E07000066,Basildon,,E92000001E07000066,Basildon,570943.798402832,190801.661866533
E07000205,Suffolk Coastal,,E92000001E07000205,Suffolk Coastal,633441.812816077,257093.374077439
E07000217,Woking,,E92000001E07000217,Woking,500403.679582329,158179.060086348
E07000128,Wyre,,E92000001E07000128,Wyre,343989.055133179,445540.586566783
E06000023,"Bristol, City of",,E92000001E06000023,"Bristol, City of",346537.343559092,172922.912538163
E06000025,South Gloucestershire,,E92000001E06000025,South Gloucestershire,367461.065796226,183209.354980428
E07000084,Basingstoke and Deane,,E92000001E07000084,Basingstoke and Deane,455836.847703692,153004.318968824
E07000131,Harborough,,E92000001E07000131,Harborough,467369.51693809,293956.80628209
S12000010,East Lothian,,S92000003S12000010,East Lothian,355069.932717854,672341.043585915
E07000012,South Cambridgeshire,,E92000001E07000012,South Cambridgeshire,542424.994375006,254767.204853814
E07000063,Lewes,,E92000001E07000063,Lewes,541144.75411196,111094.917398097
E08000031,Wolverhampton,,E92000001E08000031,Wolverhampton,391899.842228789,299050.682270758
E09000004,Bexley,,E92000001E09000004,Bexley,548927.51132776,175720.922565549
E07000117,Burnley,,E92000001E07000117,Burnley,385471.296620133,431424.284661699
E06000036,Bracknell Forest,,E92000001E06000036,Bracknell Forest,487751.6440743,168429.65525455
E06000009,Blackpool,,E92000001E06000009,Blackpool,331923.239181275,436206.678870337
E07000088,Gosport,,E92000001E07000088,Gosport,459330.796528457,100970.037240253
95EE,Ballymoney,,N9200000295EE     ,Ballymoney,117812.597212119,581626.855678668
W06000024,Merthyr Tydfil,Merthyr Tudful,W92000004W06000024,Merthyr Tydfil,306118.142286188,205570.977834123
E07000109,Gravesham,,E92000001E07000109,Gravesham,566678.869578574,170065.797210444
E07000104,Welwyn Hatfield,,E92000001E07000104,Welwyn Hatfield,524715.29588396,209121.069499543
E08000007,Stockport,,E92000001E08000007,Stockport,391577.198868604,388577.552954084
95NN,Down,,N9200000295NN     ,Down,153191.479114665,499514.627209162
E07000089,Hart,,E92000001E07000089,Hart,476987.093900163,154540.743350149
95TT,Magherafelt,,N9200000295TT     ,Magherafelt,99933.3742206374,556519.963448792
E06000003,Redcar and Cleveland,,E92000001E06000003,Redcar and Cleveland,463381.158720541,518035.493602589
95RR,Limavady,,N9200000295RR     ,Limavady,84432.7931456442,577022.382259935
E08000009,Trafford,,E92000001E08000009,Trafford,376480.256049306,391414.41532861
E07000106,Canterbury,,E92000001E07000106,Canterbury,616388.890175424,158424.271037798
E07000143,Breckland,,E92000001E07000143,Breckland,592300.744837907,302683.459275564
W06000002,Gwynedd,Gwynedd,W92000004W06000002,Gwynedd,263926.971452507,334940.68457099
E07000156,Wellingborough,,E92000001E07000156,Wellingborough,487928.00151263,266296.855682179
E07000029,Copeland,,E92000001E07000029,Copeland,310984.934894081,502916.734593663
E09000020,Kensington and Chelsea,,E92000001E09000020,Kensington and Chelsea,525575.304456856,179580.07635774
E08000002,Bury,,E92000001E08000002,Bury,379408.9856549,410184.476399749
95KK,Cookstown,,N9200000295KK     ,Cookstown,96200.9574321955,537803.397250543
95CC,Armagh,,N9200000295CC     ,Armagh,99409.4524016935,501531.675854777
E07000227,Horsham,,E92000001E07000227,Horsham,514745.723716321,122865.711773312
E09000009,Ealing,,E92000001E09000009,Ealing,515887.402809765,181715.005075806
E07000210,Mole Valley,,E92000001E07000210,Mole Valley,517085.231045229,147228.269525018
E07000065,Wealden,,E92000001E07000065,Wealden,554480.957867762,120958.31385379
E06000011,East Riding of Yorkshire,,E92000001E06000011,East Riding of Yorkshire,499910.269760794,442343.347608042
E07000191,West Somerset,,E92000001E07000191,West Somerset,295818.461947242,138250.335882162
E07000042,Mid Devon,,E92000001E07000042,Mid Devon,290590.904374825,109683.626732106
E06000033,Southend-on-Sea,,E92000001E06000033,Southend-on-Sea,589326.71657624,185662.097742853
E07000037,High Peak,,E92000001E07000037,High Peak,408485.335072875,386239.298370927
E08000005,Rochdale,,E92000001E08000005,Rochdale,389655.219239892,413347.03253864
W06000001,Isle of Anglesey,Ynys MÃ´n,W92000004W06000001,Isle of Anglesey,241819.387980396,379154.574395902
E07000034,Chesterfield,,E92000001E07000034,Chesterfield,440043.534149467,373419.745725874
S12000039,West Dunbartonshire,,S92000003S12000039,West Dunbartonshire,243034.234329039,679740.07313998
E07000090,Havant,,E92000001E07000090,Havant,471269.521617519,104765.589529473
E07000137,East Lindsey,,E92000001E07000137,East Lindsey,535539.91829297,374459.509630749
E09000027,Richmond upon Thames,,E92000001E09000027,Richmond upon Thames,517386.986025355,172878.328924249
E07000151,Daventry,,E92000001E07000151,Daventry,464975.541388033,269079.573228643
E07000229,Worthing,,E92000001E07000229,Worthing,513062.902547195,104425.752006328
E07000093,Test Valley,,E92000001E07000093,Test Valley,434339.644593231,136686.973226696
95UU,Moyle,,N9200000295UU     ,Moyle,130088.013761922,591863.521508415
E07000195,Newcastle-under-Lyme,,E92000001E07000195,Newcastle-under-Lyme,378693.42958446,344024.775737744
E09000002,Barking and Dagenham,,E92000001E09000002,Barking and Dagenham,548021.101434298,184939.695251302
E09000010,Enfield,,E92000001E09000010,Enfield,532423.16727293,196420.692190584
E08000010,Wigan,,E92000001E08000010,Wigan,361015.632071487,403215.53764121
E08000026,Coventry,,E92000001E08000026,Coventry,432759.066749454,279983.000532302
E06000046,Isle of Wight,,E92000001E06000046,Isle of Wight,449825.559169625,86493.3613751689
S12000026,Scottish Borders,,S92000003S12000026,Scottish Borders,350385.790806129,631680.342297623
E07000213,Spelthorne,,E92000001E07000213,Spelthorne,506612.967920691,170645.896599963
E07000087,Fareham,,E92000001E07000087,Fareham,454654.248786793,106184.168318108
E07000079,Cotswold,,E92000001E07000079,Cotswold,407475.943096917,213096.802542805
E07000130,Charnwood,,E92000001E07000130,Charnwood,457748.905193456,315827.353369208
E07000113,Swale,,E92000001E07000113,Swale,596035.458468204,164044.506913092
95SS,Lisburn,,N9200000295SS     ,Lisburn,135609.565540948,519691.379765248
E06000040,Windsor and Maidenhead,,E92000001E06000040,Windsor and Maidenhead,490398.667527116,177104.050357871
E07000038,North East Derbyshire,,E92000001E07000038,North East Derbyshire,436929.963948191,370005.503193381
E08000028,Sandwell,,E92000001E08000028,Sandwell,399486.466042983,290839.024031962
E06000029,Poole,,E92000001E06000029,Poole,402557.732049558,93413.5259146656
E07000145,Great Yarmouth,,E92000001E07000145,Great Yarmouth,647810.791477483,311075.405786796
E07000129,Blaby,,E92000001E07000129,Blaby,452827.65330017,297360.772836618
E07000124,Ribble Valley,,E92000001E07000124,Ribble Valley,370878.448416164,445765.236567827
95AA,Antrim,,N9200000295AA     ,Antrim,125962.051691375,541756.475514142
E06000032,Luton,,E92000001E06000032,Luton,508435.382466138,222912.629238619
E07000175,Newark and Sherwood,,E92000001E07000175,Newark and Sherwood,472387.426958202,359075.603054925
E07000064,Rother,,E92000001E07000064,Rother,578460.188645442,119974.977930845
E08000021,Newcastle upon Tyne,,E92000001E08000021,Newcastle upon Tyne,421982.677858364,568176.625804248
E07000237,Worcester,,E92000001E07000237,Worcester,385652.630803862,255405.30138153
E07000179,South Oxfordshire,,E92000001E07000179,South Oxfordshire,464364.464280589,193179.641680017
95II,Castlereagh,,N9200000295II     ,Castlereagh,150979.253414813,523952.397410105
E07000149,South Norfolk,,E92000001E07000149,South Norfolk,622383.461180974,295787.159532312
E07000187,Mendip,,E92000001E07000187,Mendip,362044.210518963,144996.683476659
S12000035,Argyll & Bute,,S92000003S12000035,Argyll & Bute,182366.073203852,697661.89387571
E07000077,Uttlesford,,E92000001E07000077,Uttlesford,556829.350197271,228687.328692457
95GG,Belfast,,N9200000295GG     ,Belfast,145535.970798544,530203.462122086
S12000028,South Ayrshire,,S92000003S12000028,South Ayrshire,229234.824048486,600422.540363305
E07000011,Huntingdonshire,,E92000001E07000011,Huntingdonshire,521221.083483485,276552.69484404
E07000083,Tewkesbury,,E92000001E07000083,Tewkesbury,394086.061291317,227461.167833107
E07000127,West Lancashire,,E92000001E07000127,West Lancashire,341708.306223712,412919.680671169
E06000005,Darlington,,E92000001E06000005,Darlington,429039.416702397,517141.637084644
E07000008,Cambridge,,E92000001E07000008,Cambridge,545867.847529716,257825.61466545
E07000078,Cheltenham,,E92000001E07000078,Cheltenham,395003.297625796,222053.246071048
E07000036,Erewash,,E92000001E07000036,Erewash,444007.027342478,337765.269322154
E06000037,West Berkshire,,E92000001E06000037,West Berkshire,448431.998756656,172522.954377238
E07000045,Teignbridge,,E92000001E07000045,Teignbridge,282881.649638672,79822.4095717716
E06000044,Portsmouth,,E92000001E06000044,Portsmouth,465013.25874374,102727.792065233
E09000021,Kingston upon Thames,,E92000001E09000021,Kingston upon Thames,519297.021465559,166818.306075081
E08000003,Manchester,,E92000001E08000003,Manchester,384654.981777731,394994.722302027
E08000011,Knowsley,,E92000001E08000011,Knowsley,344674.531304205,392357.660394065
E08000023,South Tyneside,,E92000001E08000023,South Tyneside,435686.061570989,563356.084405556
95OO,Dungannon,,N9200000295OO     ,Dungannon,80168.667857579,518325.015667063
E07000068,Brentwood,,E92000001E07000068,Brentwood,560000.667395091,195843.017635767
S12000027,Shetland Islands,,S92000003S12000027,Shetland Islands,441211.643818291,1168119.81825166
E07000080,Forest of Dean,,E92000001E07000080,Forest of Dean,366321.115065657,214521.276258915
W06000008,Ceredigion,Ceredigion,W92000004W06000008,Ceredigion,258593.433020228,263981.286066943
E07000224,Arun,,E92000001E07000224,Arun,500938.460189209,105505.935066888
E07000225,Chichester,,E92000001E07000225,Chichester,488457.03476065,116040.975041513
E07000111,Sevenoaks,,E92000001E07000111,Sevenoaks,551595.312561894,155158.143010754
E07000193,East Staffordshire,,E92000001E07000193,East Staffordshire,412744.805365215,329548.39229527
E06000021,Stoke-on-Trent,,E92000001E06000021,Stoke-on-Trent,389059.959520479,346759.321859417
E07000004,Aylesbury Vale,,E92000001E07000004,Aylesbury Vale,476804.070666812,222101.542957888
E09000032,Wandsworth,,E92000001E09000032,Wandsworth,526128.582056107,174114.189639382
E07000140,South Holland,,E92000001E07000140,South Holland,532879.830246093,324135.229099392
E07000031,South Lakeland,,E92000001E07000031,South Lakeland,344766.172860397,488902.844816669
W06000020,Torfaen,Tor-faen,W92000004W06000020,Torfaen,327292.514973881,200505.5159425
E07000114,Thanet,,E92000001E07000114,Thanet,632697.243608044,167011.856847771
E07000134,North West Leicestershire,,E92000001E07000134,North West Leicestershire,440247.910188473,317443.983214959
95LL,Craigavon,,N9200000295LL     ,Craigavon,115517.127153856,518256.448282826
E08000001,Bolton,,E92000001E08000001,Bolton,369179.485759157,409217.765470046
E07000200,Babergh,,E92000001E07000200,Babergh,600011.141793516,243141.810962004
E09000003,Barnet,,E92000001E09000003,Barnet,524027.452532487,192316.258423535
E07000194,Lichfield,,E92000001E07000194,Lichfield,413283.834730033,310071.158512077
E07000118,Chorley,,E92000001E07000118,Chorley,357284.328358233,418528.021051116
S12000005,Clackmannanshire,,S92000003S12000005,Clackmannanshire,291865.716541349,696675.817742773
E07000102,Three Rivers,,E92000001E07000102,Three Rivers,506573.983621817,196920.063688927
95PP,Fermanagh,,N9200000295PP     ,Fermanagh,33700.7594971834,509793.401975375
95WW,Newtownabbey,,N9200000295WW     ,Newtownabbey,143745.284810949,543791.113753956
S12000044,North Lanarkshire,,S92000003S12000044,North Lanarkshire,278204.704089098,666337.808136371
E07000150,Corby,,E92000001E07000150,Corby,488624.514241007,289817.673156636
E09000026,Redbridge,,E92000001E09000026,Redbridge,543914.5540289,189463.556770086
E06000015,Derby,,E92000001E06000015,Derby,435849.806221617,335145.364391398
E07000040,East Devon,,E92000001E07000040,East Devon,313734.269970625,96785.1339940947
E07000170,Ashfield,,E92000001E07000170,Ashfield,449710.904745724,355261.711730339
E07000096,Dacorum,,E92000001E07000096,Dacorum,500761.081180647,209841.764185872
E07000165,Harrogate,,E92000001E07000165,Harrogate,426567.955851604,463538.099448656
E07000107,Dartford,,E92000001E07000107,Dartford,556724.980405278,172680.081781426
E07000122,Pendle,,E92000001E07000122,Pendle,387936.474378931,441047.466533596
E09000022,Lambeth,,E92000001E09000022,Lambeth,530839.64772038,174437.428452784
E07000207,Elmbridge,,E92000001E07000207,Elmbridge,512048.551820519,163233.360949615
E07000032,Amber Valley,,E92000001E07000032,Amber Valley,435868.10567764,348127.37965311
E06000007,Warrington,,E92000001E06000007,Warrington,362621.329641512,389257.182441204
E07000092,Rushmoor,,E92000001E07000092,Rushmoor,486073.586515863,153420.581359668
E07000223,Adur,,E92000001E07000223,Adur,519881.448489245,106374.018429454
95BB,Ards,,N9200000295BB     ,Ards,166117.583633502,520146.978509373
E07000176,Rushcliffe,,E92000001E07000176,Rushcliffe,464824.112764675,334145.335520789
E07000144,Broadland,,E92000001E07000144,Broadland,623778.306471583,316644.702329234
E07000236,Redditch,,E92000001E07000236,Redditch,403381.032039268,264905.807371489
E09000012,Hackney,,E92000001E09000012,Hackney,534370.355237619,185486.107330587
E08000027,Dudley,,E92000001E08000027,Dudley,392713.40463612,287218.280594974
E07000238,Wychavon,,E92000001E07000238,Wychavon,396620.987284522,251769.882082797
E07000053,Weymouth and Portland,,E92000001E07000053,Weymouth and Portland,367875.612489136,78963.5427213972
E09000014,Haringey,,E92000001E09000014,Haringey,531199.225932197,189643.0361203
S12000033,Aberdeen City,,S92000003S12000033,Aberdeen City,389596.297478714,807225.667731278
S12000042,Dundee City,,S92000003S12000042,Dundee City,340376.7717568,732097.426902963
E07000073,Harlow,,E92000001E07000073,Harlow,545591.711159637,209844.189835125
E06000050,Cheshire West and Chester,,E92000001E06000050,Cheshire West and Chester,350940.62134669,367261.594315318
W06000018,Caerphilly,Caerffili,W92000004W06000018,Caerphilly,316739.695560635,195631.333191531
E06000019,"Herefordshire, County of",,E92000001E06000019,"Herefordshire, County of",349071.588843083,245278.243608994
E09000031,Waltham Forest,,E92000001E09000031,Waltham Forest,537757.562830738,190224.25835036
E07000085,East Hampshire,,E92000001E07000085,East Hampshire,473298.54748657,131100.119260532
E09000007,Camden,,E92000001E09000007,Camden,527864.856991448,184663.308450999
E07000152,East Northamptonshire,,E92000001E07000152,East Northamptonshire,500424.365177674,285424.545154647
E07000212,Runnymede,,E92000001E07000212,Runnymede,501584.141612,167092.398532526
W06000004,Denbighshire,Sir Ddinbych,W92000004W06000004,Denbighshire,309415.249184433,355824.479457753
E09000030,Tower Hamlets,,E92000001E09000030,Tower Hamlets,536467.953958807,181475.886717868
E07000071,Colchester,,E92000001E07000071,Colchester,597041.41683493,223197.925410357
E06000010,"Kingston upon Hull, City of",,E92000001E06000010,"Kingston upon Hull, City of",509840.048575808,430568.526023131
E07000098,Hertsmere,,E92000001E07000098,Hertsmere,518944.77789527,199011.23461833
E08000032,Bradford,,E92000001E08000032,Bradford,409659.244408886,438724.227031442
E09000018,Hounslow,,E92000001E09000018,Hounslow,513583.274766828,175657.65971554
95YY,Omagh,,N9200000295YY     ,Omagh,59321.098117993,534722.007243999
E09000005,Brent,,E92000001E09000005,Brent,520176.906400231,185829.122203319
E07000180,Vale of White Horse,,E92000001E07000180,Vale of White Horse,438738.881854923,192972.193875113
E08000006,Salford,,E92000001E08000006,Salford,375536.468159647,399266.504193628
S12000020,Moray,,S92000003S12000020,Moray,324085.803554436,843511.458093907
E07000110,Maidstone,,E92000001E07000110,Maidstone,580248.810797313,151587.401254982
E07000204,St Edmundsbury,,E92000001E07000204,St Edmundsbury,582702.01051568,262834.511349607
E09000015,Harrow,,E92000001E09000015,Harrow,514986.565955872,190066.711032345
E07000074,Maldon,,E92000001E07000074,Maldon,592383.293429011,204887.221508143
E07000211,Reigate and Banstead,,E92000001E07000211,Reigate and Banstead,526280.646637883,152000.095571645
E08000033,Calderdale,,E92000001E08000033,Calderdale,401851.223419055,424975.606118083
E07000027,Barrow-in-Furness,,E92000001E07000027,Barrow-in-Furness,320871.159403408,470759.44312588
E07000164,Hambleton,,E92000001E07000164,Hambleton,444424.687228,488119.073917496
E07000146,King's Lynn and West Norfolk,,E92000001E07000146,King's Lynn and West Norfolk,567015.30046077,317062.805712753
E07000136,Boston,,E92000001E07000136,Boston,532894.738369963,343701.539981637
E07000094,Winchester,,E92000001E07000094,Winchester,454721.436750847,125710.281051321
E09000013,Hammersmith and Fulham,,E92000001E09000013,Hammersmith and Fulham,523609.298644955,178841.367949202
E06000012,North East Lincolnshire,,E92000001E06000012,North East Lincolnshire,523827.225929679,406879.282687281
S12000011,East Renfrewshire,,S92000003S12000011,East Renfrewshire,252014.328897007,653607.586217526
E08000004,Oldham,,E92000001E08000004,Oldham,396741.603543139,406140.953650893
E06000041,Wokingham,,E92000001E06000041,Wokingham,477692.894997974,170636.232618561
E08000036,Wakefield,,E92000001E08000036,Wakefield,438967.326048431,418403.09141321
W06000021,Monmouthshire,Sir Fynwy,W92000004W06000021,Monmouthshire,340230.916319264,206939.286343837
E08000029,Solihull,,E92000001E08000029,Solihull,418659.750762417,279492.330260309
E07000043,North Devon,,E92000001E07000043,North Devon,265939.817180524,131799.528682202
E08000014,Sefton,,E92000001E08000014,Sefton,332793.970734874,408100.606417283
E06000049,Cheshire East,,E92000001E06000049,Cheshire East,376709.600993488,364853.950879656
E07000171,Bassetlaw,,E92000001E07000171,Bassetlaw,469427.317917367,382267.737379935
E07000239,Wyre Forest,,E92000001E07000239,Wyre Forest,381400.320738953,275762.296581393
E08000013,St. Helens,,E92000001E08000013,St. Helens,352050.534806552,396101.264563751
E07000116,Tunbridge Wells,,E92000001E07000116,Tunbridge Wells,570240.902664776,137821.421076076
S12000014,Falkirk,,S92000003S12000014,Falkirk,288415.902473285,679712.345996532
E06000026,Plymouth,,E92000001E06000026,Plymouth,249415.400003849,56801.1756035834
E06000031,Peterborough,,E92000001E06000031,Peterborough,518387.825955777,302630.044842542
E07000181,West Oxfordshire,,E92000001E07000181,West Oxfordshire,434069.518820184,215554.539349662
E08000035,Leeds,,E92000001E08000035,Leeds,432614.119449979,436721.111465706
S12000036,"Edinburgh, City of",,S92000003S12000036,"Edinburgh, City of",319592.651550716,671133.997626937
S12000029,South Lanarkshire,,S92000003S12000029,South Lanarkshire,286049.657136308,636938.47671565
E07000051,Purbeck,,E92000001E07000051,Purbeck,390827.95206513,86896.024504875
E07000005,Chiltern,,E92000001E07000005,Chiltern,494972.485359524,198861.913055512
E09000008,Croydon,,E92000001E09000008,Croydon,533289.664915217,163541.401190726
W06000014,The Vale of Glamorgan,Bro Morgannwg,W92000004W06000014,The Vale of Glamorgan,302853.749285767,172685.217611083
E07000039,South Derbyshire,,E92000001E07000039,South Derbyshire,429772.319647597,326031.844113778
E07000155,South Northamptonshire,,E92000001E07000155,South Northamptonshire,465624.663027944,247580.558948016
E06000042,Milton Keynes,,E92000001E06000042,Milton Keynes,486878.370980361,243584.219486865
E06000002,Middlesbrough,,E92000001E06000002,Middlesbrough,450402.70954178,516635.485494616
S12000008,East Ayrshire,,S92000003S12000008,East Ayrshire,253863.210451576,623678.927609181
95VV,Newry and Mourne,,N9200000295VV     ,Newry and Mourne,120112.392595863,481430.864025411
S12000041,Angus,,S92000003S12000041,Angus,343965.898166623,759502.309729851
E07000006,South Bucks,,E92000001E07000006,South Bucks,497845.848756181,185107.868995942
E07000044,South Hams,,E92000001E07000044,South Hams,270468.138368386,54268.5988687432
E07000007,Wycombe,,E92000001E07000007,Wycombe,482065.977860789,195153.165030122
E07000069,Castle Point,,E92000001E07000069,Castle Point,580003.45166449,185152.482176962
E07000228,Mid Sussex,,E92000001E07000228,Mid Sussex,531460.557854215,126276.710780962
E07000009,East Cambridgeshire,,E92000001E07000009,East Cambridgeshire,556422.61490627,274127.35775558
E07000206,Waveney,,E92000001E07000206,Waveney,643850.767176124,286188.769846582
E06000043,Brighton and Hove,,E92000001E06000043,Brighton and Hove,531535.339260794,106544.309133516
E07000163,Craven,,E92000001E07000163,Craven,388697.11960974,464892.488284932
S12000021,North Ayrshire,,S92000003S12000021,North Ayrshire,212569.270419646,643693.527265947
E08000016,Barnsley,,E92000001E08000016,Barnsley,431078.497805224,404459.135939761
E07000100,St Albans,,E92000001E07000100,St Albans,514461.619300109,209454.511258116
E07000178,Oxford,,E92000001E07000178,Oxford,452489.82286733,206483.56334954
E07000076,Tendring,,E92000001E07000076,Tendring,614538.420059328,223794.551853485
E07000215,Tandridge,,E92000001E07000215,Tandridge,536717.130117412,149356.386060699
E07000135,Oadby and Wigston,,E92000001E07000135,Oadby and Wigston,461516.961354415,299198.553893393
E07000067,Braintree,,E92000001E07000067,Braintree,578118.158715173,230204.708412912
E08000012,Liverpool,,E92000001E08000012,Liverpool,339119.204722134,389128.055482532
E07000091,New Forest,,E92000001E07000091,New Forest,426520.777301122,106601.230491672
E08000019,Sheffield,,E92000001E08000019,Sheffield,429990.264966805,389826.638391965
E08000015,Wirral,,E92000001E08000015,Wirral,327403.140779401,386334.146768873
E06000028,Bournemouth,,E92000001E06000028,Bournemouth,410111.998148184,93592.2263324914
E07000028,Carlisle,,E92000001E07000028,Carlisle,348353.100809751,564334.686016854
E07000235,Malvern Hills,,E92000001E07000235,Malvern Hills,376531.253002458,253890.345932261
E07000123,Preston,,E92000001E07000123,Preston,354159.774854067,435282.403534271
E07000139,North Kesteven,,E92000001E07000139,North Kesteven,504196.350755633,354890.01848975
S12000017,Highland,,S92000003S12000017,Highland,234347.518407066,857000.031072782
W06000009,Pembrokeshire,Sir Benfro,W92000004W06000009,Pembrokeshire,201248.672599489,221167.424597552
E07000167,Ryedale,,E92000001E07000167,Ryedale,474968.606621766,480025.284963296
E06000022,Bath and North East Somerset,,E92000001E06000022,Bath and North East Somerset,367002.975754297,161986.480904911
E07000192,Cannock Chase,,E92000001E07000192,Cannock Chase,401432.639612818,312746.934174075
E07000061,Eastbourne,,E92000001E07000061,Eastbourne,559873.199130014,99838.4190025318
E07000172,Broxtowe,,E92000001E07000172,Broxtowe,449646.35525025,342373.574521468
E07000202,Ipswich,,E92000001E07000202,Ipswich,616726.897474982,244433.493555584
E07000154,Northampton,,E92000001E07000154,Northampton,476100.374775042,260923.438212356
E07000214,Surrey Heath,,E92000001E07000214,Surrey Heath,492695.169275805,161265.679976848
E07000086,Eastleigh,,E92000001E07000086,Eastleigh,447375.38126157,115056.173207111
E07000147,North Norfolk,,E92000001E07000147,North Norfolk,613502.693093595,332859.748543901
E08000025,Birmingham,,E92000001E08000025,Birmingham,408598.115286612,287856.759308652
E07000049,East Dorset,,E92000001E07000049,East Dorset,402801.670079159,107132.14832717
E07000046,Torridge,,E92000001E07000046,Torridge,241779.962123086,112186.530560885
E06000004,Stockton-on-Tees,,E92000001E06000004,Stockton-on-Tees,443488.53616029,518819.794331116
S12000024,Perth & Kinross,,S92000003S12000024,Perth & Kinross,288320.292714969,742980.767210217
E07000169,Selby,,E92000001E07000169,Selby,457108.958753241,432650.672539637
